id;activity;description;ipaddress;time
1;bandwidth optical;enable sticky;Gardens Shoes Lodge;2022-12-21T09:36:27
2;Incredible Phased;Legacy;Tools empowering Centralized;2022-12-21T00:14:12
3;plum;Card;Internal cyan silver;2022-12-20T14:43:30
4;generating models Congo;calculating;Identity;2022-12-21T06:50:32
5;Money Metal maximize;PNG redundant Granite;Incredible copying Plastic;2022-12-20T12:27:31
6;Plastic Ergonomic transmitter;plum Metal;Rubber District Unbranded;2022-12-20T22:01:36
7;Pizza;pink transmitting models;Tuna;2022-12-21T10:10:27
8;Skyway;mobile Roads;recontextualize Shoals;2022-12-21T12:09:27
9;TCP Account Cheese;Gorgeous Self-enabling Licensed;Buckinghamshire;2022-12-21T05:09:29
10;function;Squares;Liberia frictionless;2022-12-20T15:23:35
