id;content_type;bbox;create_date;create_by;update_date;update_by
1;XML;../fake-data/blob/hipster.txt;2022-12-11T08:34:18;Monitored Loan;2022-12-11T15:35:24;Cambridgeshire
2;Light Account;../fake-data/blob/hipster.txt;2022-12-11T11:37:39;Beauty optical;2022-12-10T18:42:15;Salad
3;parse;../fake-data/blob/hipster.txt;2022-12-10T17:02:48;local Shoes;2022-12-10T22:52:48;Outdoors Ergonomic plug-and-play
4;Identity middleware;../fake-data/blob/hipster.txt;2022-12-11T10:49:18;complexity repurpose;2022-12-11T13:29:51;Route
5;copy Wooden Automotive;../fake-data/blob/hipster.txt;2022-12-11T04:15:18;leading Bike;2022-12-10T22:44:59;indigo generate
6;generate;../fake-data/blob/hipster.txt;2022-12-11T05:02:43;parsing Ball Branding;2022-12-10T19:19:35;Car
7;Views mindshare encoding;../fake-data/blob/hipster.txt;2022-12-11T12:48:48;Dynamic Mobility Dollar;2022-12-11T01:55:26;transmit complexity upward-trending
8;Intelligent;../fake-data/blob/hipster.txt;2022-12-11T04:28:25;capacity Buckinghamshire microchip;2022-12-11T11:00:02;Mobility Investment redundant
9;demand-driven Nevada;../fake-data/blob/hipster.txt;2022-12-11T01:06:37;Guilder;2022-12-10T21:48:29;online Florida Buckinghamshire
10;system-worthy integrated Market;../fake-data/blob/hipster.txt;2022-12-11T07:21:05;Silver withdrawal;2022-12-10T20:34:29;Implemented back-end
