id;title;description;file;create_date;create_by;update_date;update_by
1;invoice Tanzanian;Fantastic National;Gourde hacking;2022-12-10T17:56:53;neural navigate;2022-12-11T07:49:15;Chicken Implementation Account
2;Chicken grey pricing;Rwanda black Rustic;CSS Distributed Human;2022-12-11T04:59:22;payment Berkshire invoice;2022-12-11T01:52:14;Cheese
3;Steel Tools Computers;Response Steel Forward;Uzbekistan payment;2022-12-11T11:34:42;Account Guyana;2022-12-11T08:30:02;turquoise scalable Beauty
4;back;Georgia Unbranded New;Tactics New Plastic;2022-12-11T02:11:34;mesh;2022-12-11T09:35:41;Zambian Product
5;deposit;Israel;visualize Steel;2022-12-11T10:15:54;Bulgarian;2022-12-10T22:19:00;Persevering withdrawal
6;Concrete Shirt Sleek;payment;Customer Industrial Unbranded;2022-12-11T02:34:33;Harbors;2022-12-11T05:11:15;Enterprise-wide Investor
7;web;Tools compress invoice;toolset;2022-12-11T11:05:19;Incredible;2022-12-11T16:24:24;efficient
8;optimizing Cambridgeshire;Chair;Card microchip;2022-12-11T15:19:23;architect;2022-12-10T20:49:45;Avon Dynamic Product
9;Corporate incentivize Grocery;Fish Borders matrix;orange red alarm;2022-12-11T08:11:24;engine Chicken back-end;2022-12-11T15:56:59;Right-sized Buckinghamshire Fresh
10;harness;Dinar Pennsylvania;Executive connecting;2022-12-11T03:32:02;synthesizing world-class Moroccan;2022-12-10T23:55:24;Developer New program
