id;key;path;filename;content_type;metadata;byte_size;checksum;create_date;create_by;update_date;update_by
1;matrix;Incredible Grass-roots;granular;Timor-Leste;transmit India Rubber;21093;Sleek cross-platform drive;2022-12-11T04:58:47;bifurcated Bedfordshire;2022-12-11T15:51:28;loyalty
2;seamless didactic;Computers;Rustic Principal Beauty;impactful International Avon;Intelligent;47563;connecting;2022-12-11T06:20:38;payment;2022-12-10T17:20:32;e-tailers Small
3;Investor;International matrix Botswana;deposit azure Refined;Digitized quantify Ford;Berkshire Ergonomic Refined;62000;Card Belize;2022-12-11T07:24:07;Administrator bypassing;2022-12-11T15:44:51;Baby Licensed Island
4;Representative payment Extensions;maximize bypass;web-enabled Card red;granular IB Implementation;CSS;17704;Bacon;2022-12-11T04:57:14;channels Lodge foreground;2022-12-11T01:42:19;pixel Utah 24/365
5;Dynamic capacity user;best-of-breed Clothing;systems Cheese;Designer;Corporate withdrawal;18690;Bedfordshire Keyboard;2022-12-11T14:22:11;navigating incubate;2022-12-11T01:05:55;out-of-the-box Games
6;Forward;synthesize;bypassing;hard Industrial;Market Ergonomic up;14278;evolve;2022-12-11T16:25:57;SAS Metal;2022-12-10T22:22:48;Tuna Gorgeous
7;Fully-configurable compress;Jewelery Lead;Rubber Berkshire parsing;Vincent withdrawal magenta;Concrete;71640;Sports parse;2022-12-10T17:58:54;Hryvnia Burundi;2022-12-11T06:03:20;indexing
8;tan digital;National Accountability user-centric;Gloves;Pataca Illinois Brazil;the Interactions product;47236;Stand-alone optimal;2022-12-11T04:07:43;sensor;2022-12-10T22:40:00;clicks-and-mortar approach
9;Supervisor silver York;Borders extranet;Automotive Route;protocol Avon override;strategic Sudan facilitate;56459;reboot JSON;2022-12-11T09:54:02;Saint Shirt Grocery;2022-12-11T13:23:08;AGP
10;Intranet deposit;payment;lime Texas;support lime Gloves;infrastructures core Markets;83615;Response;2022-12-11T03:39:41;Sports schemas Fish;2022-12-11T08:16:11;digital TCP
